courseCode,instructor,term,school
ACT2111,荣雪峰,历史评价（学期未注明）,经管学院
ACT2111,"Cao, yi",历史评价（学期未注明）,经管学院
ACT2111,Na Liu,历史评价（学期未注明）,经管学院
ACT2111,Vivian Mao,历史评价（学期未注明）,经管学院
ACT3121,"Park, Zhonghan",历史评价（学期未注明）,经管学院
ACT4253,Weijia ZHI,历史评价（学期未注明）,经管学院
ACT4253,Zhang Wen,历史评价（学期未注明）,经管学院
ACT4262,未注明教师,历史评价（学期未注明）,经管学院
BIO1001,未注明教师,历史评价（学期未注明）,医学院
BIO1002,未注明教师,历史评价（学期未注明）,医学院
BIO1008,未注明教师,历史评价（学期未注明）,医学院
CEC1000,Guangming Mo,历史评价（学期未注明）,大学核心课程
CEC1000,Wang Xueshi,历史评价（学期未注明）,大学核心课程
CEC2000,zhangjunfu,历史评价（学期未注明）,大学核心课程
CEC3000,yang jie,历史评价（学期未注明）,大学核心课程
CHI1000,未注明教师,历史评价（学期未注明）,人文社科学院
CHI1000,Lin Chengchuan,历史评价（学期未注明）,人文社科学院
CHI1000,Qiying Zhang,历史评价（学期未注明）,人文社科学院
CHI1000,Yue CHEN,历史评价（学期未注明）,人文社科学院
CHI2010,未注明教师,历史评价（学期未注明）,人文社科学院
CHI2012,未注明教师,历史评价（学期未注明）,人文社科学院
CHI3001,Lu Shitu,历史评价（学期未注明）,人文社科学院
CHI4001,"Jin, Jia",历史评价（学期未注明）,人文社科学院
CHM1001,未注明教师,历史评价（学期未注明）,理工学院
CHM1001,Tiankai CHEN,历史评价（学期未注明）,理工学院
CHM1011,Jun ZHU,历史评价（学期未注明）,理工学院
CSC1001,He Pinjia,历史评价（学期未注明）,数据科学学院
CSC1001,Li Tongxin,历史评价（学期未注明）,数据科学学院
CSC1001,Yu Tianshu,历史评价（学期未注明）,数据科学学院
CSC1001,Zhao Junhua,历史评价（学期未注明）,数据科学学院
CSC1002,未注明教师,历史评价（学期未注明）,数据科学学院
CSC1002,"Lam, Kinley",历史评价（学期未注明）,数据科学学院
CSC1002,"Zhang, Zhuoran",历史评价（学期未注明）,数据科学学院
CSC1002,"Zhu, Jian",历史评价（学期未注明）,数据科学学院
CSC1003,Wenye LI,历史评价（学期未注明）,数据科学学院
CSC1005,"赵俊华 (ZHAO, Junhua)",历史评价（学期未注明）,理工学院
CSC3001,wangbaoxiang,历史评价（学期未注明）,数据科学学院
CSC3002,huangrui,历史评价（学期未注明）,数据科学学院
CSC3050,未注明教师,历史评价（学期未注明）,数据科学学院
CSC3100,Fang Yixiang,历史评价（学期未注明）,数据科学学院
CSC3100,Wu Zhizheng,历史评价（学期未注明）,数据科学学院
CSC3100,Yu Tianshu,历史评价（学期未注明）,数据科学学院
CSC3150,未注明教师,历史评价（学期未注明）,数据科学学院
CSC3170,未注明教师,历史评价（学期未注明）,数据科学学院
CSC4008,未注明教师,历史评价（学期未注明）,数据科学学院
CSC4140,Qilin Sun,历史评价（学期未注明）,数据科学学院
CSC4160,黄铠,历史评价（学期未注明）,数据科学学院
DDA2001,未注明教师,历史评价（学期未注明）,数据科学学院
DDA2020,未注明教师,历史评价（学期未注明）,数据科学学院
DDA3005,andre,历史评价（学期未注明）,数据科学学院
DDA3005,Andre Manfred Milzarek,历史评价（学期未注明）,数据科学学院
DDA3010,未注明教师,历史评价（学期未注明）,数据科学学院
DDA3020,未注明教师,历史评价（学期未注明）,数据科学学院
DDA4210,Fan Jicong,历史评价（学期未注明）,数据科学学院
DDA4220,Zhang Ruimao,历史评价（学期未注明）,数据科学学院
DDA4230,wangbaoxiang,历史评价（学期未注明）,数据科学学院
DMS2030,Shi Duo,历史评价（学期未注明）,经管学院
DMS2051,未注明教师,历史评价（学期未注明）,数据科学学院
DMS3003,Liu Ming,历史评价（学期未注明）,经管学院
DMS3210,林至颖,历史评价（学期未注明）,经管学院
DOW1001,Ham Pooi Huen,历史评价（学期未注明）,通识教育
ECE3200,未注明教师,历史评价（学期未注明）,理工学院
ECO2011,Barick,历史评价（学期未注明）,经管学院
ECO2011,Emily Zheng,历史评价（学期未注明）,经管学院
ECO2011,Tat How Teh,历史评价（学期未注明）,经管学院
ECO2011,Yue CAO,历史评价（学期未注明）,经管学院
ECO2011,Zheng Yiying,历史评价（学期未注明）,经管学院
ECO2021,"KHOO, Lawrence",历史评价（学期未注明）,经管学院
ECO2021,"Martin, SHU",历史评价（学期未注明）,经管学院
ECO2121,未注明教师,历史评价（学期未注明）,经管学院
ECO3080,陈齐辉,历史评价（学期未注明）,经管学院
ECO3090,Fang Yue,历史评价（学期未注明）,经管学院
ECO3110,Lin Wei,历史评价（学期未注明）,经管学院
ECO3121,Huaiping YUAN,历史评价（学期未注明）,经管学院
ECO3121,Li Ming,历史评价（学期未注明）,经管学院
ECO3121,Lin Wei,历史评价（学期未注明）,经管学院
ECO3160,"SONG, Yangbo",历史评价（学期未注明）,经管学院
ECO3410,Li Zehao,历史评价（学期未注明）,经管学院
ECO3470,Tony Fang,历史评价（学期未注明）,经管学院
ECO3470,"Yuan, Huaiping",历史评价（学期未注明）,经管学院
ECO3610,Xu Sichuang,历史评价（学期未注明）,经管学院
ECO3650,SHU Martin,历史评价（学期未注明）,经管学院
ECO3710,"LUK, YF",历史评价（学期未注明）,经管学院
ECO4001,Zhang Peng,历史评价（学期未注明）,经管学院
EIE4005,未注明教师,历史评价（学期未注明）,理工学院
EIE4006,未注明教师,历史评价（学期未注明）,理工学院
EIE4007,未注明教师,历史评价（学期未注明）,理工学院
EIE4512,Zhen Li,历史评价（学期未注明）,理工学院
ENB2004,"STERNE, Melvin",历史评价（学期未注明）,人文社科学院
ENE4001,未注明教师,历史评价（学期未注明）,理工学院
ENG1001,"Cao, Derong",历史评价（学期未注明）,人文社科学院
ENG1001,Liu Liming,历史评价（学期未注明）,人文社科学院
ENG1001,Liu Yingxin,历史评价（学期未注明）,人文社科学院
ENG1001,Shengjie ZHAI,历史评价（学期未注明）,人文社科学院
ENG1001,"Wang, Qian",历史评价（学期未注明）,人文社科学院
ENG1001,Yang Yang,历史评价（学期未注明）,人文社科学院
ENG1001,"Yang, Rong",历史评价（学期未注明）,人文社科学院
ENG1002,未注明教师,历史评价（学期未注明）,人文社科学院
ENG1002,"CHEN, Pin-H",历史评价（学期未注明）,人文社科学院
ENG1002,"GAN, Linhan",历史评价（学期未注明）,人文社科学院
ENG1002,"Guo, Xin",历史评价（学期未注明）,人文社科学院
ENG1002,"Hou, Shuozhao",历史评价（学期未注明）,人文社科学院
ENG1002,"James, Kalanipua Armitage",历史评价（学期未注明）,人文社科学院
ENG1002,Liu Liming,历史评价（学期未注明）,人文社科学院
ENG1002,Liu Yingxin,历史评价（学期未注明）,人文社科学院
ENG1002,"Nie, Yilu",历史评价（学期未注明）,人文社科学院
ENG1002,"PANG, Hui",历史评价（学期未注明）,人文社科学院
ENG1002,"Wang, Kaixi",历史评价（学期未注明）,人文社科学院
ENG1002,"Xiao, Yang",历史评价（学期未注明）,人文社科学院
ENG1002,Yang Yang,历史评价（学期未注明）,人文社科学院
ENG1002,"Yang, Rong",历史评价（学期未注明）,人文社科学院
ENG1002,"Yang, Wenhao",历史评价（学期未注明）,人文社科学院
ENG1002,"Ying, Jia",历史评价（学期未注明）,人文社科学院
ENG1002,"Zhao, Ziwei",历史评价（学期未注明）,人文社科学院
ENG2001,未注明教师,历史评价（学期未注明）,人文社科学院
ENG2001,Charlie,历史评价（学期未注明）,人文社科学院
ENG2001,Colum Ruane,历史评价（学期未注明）,人文社科学院
ENG2001,Gong Wengao,历史评价（学期未注明）,人文社科学院
ENG2001,Hong Mingyan,历史评价（学期未注明）,人文社科学院
ENG2001,hyun jung Joo,历史评价（学期未注明）,人文社科学院
ENG2001,"JI, Zuowei",历史评价（学期未注明）,人文社科学院
ENG2001,Li，Mo,历史评价（学期未注明）,人文社科学院
ENG2001,lianghuiling,历史评价（学期未注明）,人文社科学院
ENG2001,Liuying,历史评价（学期未注明）,人文社科学院
ENG2001,Matthew Book,历史评价（学期未注明）,人文社科学院
ENG2001,Prerna Bakshi,历史评价（学期未注明）,人文社科学院
ENG2001,Shirley,历史评价（学期未注明）,人文社科学院
ENG2001,Wang Feiya,历史评价（学期未注明）,人文社科学院
ENG2001,xiaosichen,历史评价（学期未注明）,人文社科学院
ENG2001,xiaoyangyu,历史评价（学期未注明）,人文社科学院
ENG2002B,未注明教师,历史评价（学期未注明）,人文社科学院
FIN2010,LIU Hongqi,历史评价（学期未注明）,经管学院
FIN2010,Sung Kwan Lee,历史评价（学期未注明）,经管学院
FIN2010,"Zhao, Shen",历史评价（学期未注明）,经管学院
FIN2020,未注明教师,历史评价（学期未注明）,经管学院
FIN2210,Ye，shuai,历史评价（学期未注明）,经管学院
FIN3080,Jinfan Zhang,历史评价（学期未注明）,经管学院
FIN3080,Sui Pengfei,历史评价（学期未注明）,经管学院
FIN3210,未注明教师,历史评价（学期未注明）,经管学院
FIN3380,chensi,历史评价（学期未注明）,经管学院
FIN3380,chenwen,历史评价（学期未注明）,经管学院
FIN3380,Lu Guangli,历史评价（学期未注明）,经管学院
FIN4060,Wang Jian,历史评价（学期未注明）,经管学院
FIN4060,Xia Sichen,历史评价（学期未注明）,经管学院
FIN4060,"Xiao, Han",历史评价（学期未注明）,经管学院
FIN4080,"Yang, Wenhao",历史评价（学期未注明）,经管学院
FIN4110,"Xiao, Song",历史评价（学期未注明）,经管学院
FIN4110,Zongbo Huang,历史评价（学期未注明）,经管学院
FIN4120,chensi,历史评价（学期未注明）,经管学院
FIN4210,"Chen, Siyi",历史评价（学期未注明）,经管学院
FIN4210,"Li, Xiyue",历史评价（学期未注明）,经管学院
FRN1001,TAN Xiaoying,历史评价（学期未注明）,人文社科学院
FRN1002,TAN Xiaoying,历史评价（学期未注明）,人文社科学院
GEA2000,Chang Liu,历史评价（学期未注明）,人文社科学院
GEA2000,"Chen, Bin",历史评价（学期未注明）,人文社科学院
GEA2000,Li xiaoyu,历史评价（学期未注明）,人文社科学院
GEA2000,Maodi,历史评价（学期未注明）,人文社科学院
GEA2000,Qin Chen,历史评价（学期未注明）,人文社科学院
GEA2000,Zhao Ruijuan,历史评价（学期未注明）,人文社科学院
GEB2001,未注明教师,历史评价（学期未注明）,人文社科学院
GEB2110,"JI, Zuowei",历史评价（学期未注明）,人文社科学院
GEB2112,Wang Qin,历史评价（学期未注明）,人文社科学院
GEB2203,Li，Mo,历史评价（学期未注明）,人文社科学院
GEB2205,"Zuo, Xuruan",历史评价（学期未注明）,人文社科学院
GEB2206,"Garelik, Steven Mark",历史评价（学期未注明）,人文社科学院
GEB2401,yun tianheng,历史评价（学期未注明）,通识教育
GEB2404,Lu Jinming,历史评价（学期未注明）,人文社科学院
GEB2406,未注明教师,历史评价（学期未注明）,通识教育
GEB2501,未注明教师,历史评价（学期未注明）,人文社科学院
GEB2601,"CHEN, Shanquan",历史评价（学期未注明）,人文社科学院
GEB3101,未注明教师,历史评价（学期未注明）,人文社科学院
GEC2002,蹲韩雨晨教授 不知道是哪门课,历史评价（学期未注明）,人文社科学院
GEC2102,Aurelien BOUCHER,历史评价（学期未注明）,通识教育
GEC2107,Chris,历史评价（学期未注明）,人文社科学院
GEC2108,Chang Liu,历史评价（学期未注明）,人文社科学院
GEC2110,Corinne Doria,历史评价（学期未注明）,通识教育
GEC2112,Yang Yanni,历史评价（学期未注明）,人文社科学院
GEC2113,"Doria, Corinne",历史评价（学期未注明）,人文社科学院
GEC2114,Yong Chang Peng,历史评价（学期未注明）,人文社科学院
GEC2115,Hanna,历史评价（学期未注明）,人文社科学院
GEC2201,Thomas CARROLL,历史评价（学期未注明）,通识教育
GEC2206,"Song, Xinning",历史评价（学期未注明）,人文社科学院
GEC2404,Ningxin Wang,历史评价（学期未注明）,人文社科学院
GEC3102,未注明教师,历史评价（学期未注明）,通识教育
GEC3108,LV Chentong,历史评价（学期未注明）,人文社科学院
GEC3109,张缪斯,历史评价（学期未注明）,人文社科学院
GEC3111,Yang Yanni,历史评价（学期未注明）,人文社科学院
GEC3203,Wai Hang YEE,历史评价（学期未注明）,人文社科学院
GEC3401,Boucher Aurelien,历史评价（学期未注明）,人文社科学院
GEC3402,Li xiaoyu,历史评价（学期未注明）,通识教育
GEC3403,"Ghosh, Gautam",历史评价（学期未注明）,通识教育
GEC3407,"Li, Xue Shi",历史评价（学期未注明）,人文社科学院
GED2003,"Han, Yuchen",历史评价（学期未注明）,人文社科学院
GED2104,"Scripter, Lucas",历史评价（学期未注明）,人文社科学院
GED2110,Wang Qin,历史评价（学期未注明）,人文社科学院
GED2116,BAI Zongrang,历史评价（学期未注明）,人文社科学院
GED2118,未注明教师,历史评价（学期未注明）,人文社科学院
GED2121,John Robert Williams,历史评价（学期未注明）,通识教育
GED2122,Kluz Christopher,历史评价（学期未注明）,通识教育
GED2302,Michael Geoffrey SALTER,历史评价（学期未注明）,人文社科学院
GED2401,"Qin, Wang",历史评价（学期未注明）,通识教育
GED2402,未注明教师,历史评价（学期未注明）,人文社科学院
GED3102,LV Chentong,历史评价（学期未注明）,人文社科学院
GED3309,"Liu, Kuanyen",历史评价（学期未注明）,人文社科学院
GFH1000,未注明教师,历史评价（学期未注明）,人文社科学院
GFH1000,Christopher Kluz,历史评价（学期未注明）,人文社科学院
GFH1000,Corinne Doria,历史评价（学期未注明）,人文社科学院
GFH1000,John Robert William,历史评价（学期未注明）,人文社科学院
GFH1000,"Liu, Kuanyen",历史评价（学期未注明）,人文社科学院
GFH1000,"Qin, Wang",历史评价（学期未注明）,人文社科学院
GFN1000,未注明教师,历史评价（学期未注明）,人文社科学院
GFN1000,邹婧,历史评价（学期未注明）,人文社科学院
GFN1000,Cao Bei,历史评价（学期未注明）,人文社科学院
GFN1000,Hanyu MA,历史评价（学期未注明）,人文社科学院
GFN1000,Honghui Zhang,历史评价（学期未注明）,人文社科学院
GFN1000,Lifang Peng,历史评价（学期未注明）,人文社科学院
GFN1000,Lili JIANG,历史评价（学期未注明）,人文社科学院
GFN1000,linqingzhou,历史评价（学期未注明）,人文社科学院
GFN1000,"Liu, Guanyan",历史评价（学期未注明）,人文社科学院
GFN1000,Liuying,历史评价（学期未注明）,人文社科学院
GFN1000,Miaosi ZHANG,历史评价（学期未注明）,人文社科学院
GFN1000,wailing law,历史评价（学期未注明）,人文社科学院
GFN1000,Xuran Zuo,历史评价（学期未注明）,人文社科学院
HSS1006,Xue Shi Li,历史评价（学期未注明）,人文社科学院
HSS1006,Yiyue ，HUANGFU,历史评价（学期未注明）,人文社科学院
HSS1009,Yu WANG,历史评价（学期未注明）,人文社科学院
ITE1000,陈奕含,历史评价（学期未注明）,人文社科学院
ITE1000,"LIAO, Ruizhi",历史评价（学期未注明）,人文社科学院
ITE1000,Lin Yongqian,历史评价（学期未注明）,人文社科学院
ITE1000,"Wilson, Woon",历史评价（学期未注明）,人文社科学院
ITE1000,yun tianheng,历史评价（学期未注明）,人文社科学院
MAT1001,甘培润pooiyuenkam,历史评价（学期未注明）,理工学院
MAT1001,"唐晓莹 Tang, Xiao Ying",历史评价（学期未注明）,理工学院
MAT1001,Clement,历史评价（学期未注明）,理工学院
MAT1001,Clement Ho Cheung Leung,历史评价（学期未注明）,理工学院
MAT1001,Liu Yang,历史评价（学期未注明）,理工学院
MAT1001,Mario Huang,历史评价（学期未注明）,理工学院
MAT1001,Xuefeng，Wang,历史评价（学期未注明）,理工学院
MAT1002,"CHEN, Yuan",历史评价（学期未注明）,理工学院
MAT1002,"Gong, Shihua",历史评价（学期未注明）,理工学院
MAT1002,"HUANG, Mario",历史评价（学期未注明）,理工学院
MAT1002,Liu，Xiaokai,历史评价（学期未注明）,理工学院
MAT1002,"RAO, Guang",历史评价（学期未注明）,理工学院
MAT1011,未注明教师,历史评价（学期未注明）,理工学院
MAT2002,"Hu, Shengqing",历史评价（学期未注明）,理工学院
MAT2040,Feng Yin,历史评价（学期未注明）,理工学院
MAT2040,He dongdong,历史评价（学期未注明）,理工学院
MAT2040,Huang Chuan,历史评价（学期未注明）,理工学院
MAT2040,LEI Shunbo,历史评价（学期未注明）,理工学院
MAT2040,Shen kaiming,历史评价（学期未注明）,理工学院
MAT2040,yang shenghao,历史评价（学期未注明）,理工学院
MAT2041,Li Tongxin,历史评价（学期未注明）,数据科学学院
MAT2042,未注明教师,历史评价（学期未注明）,理工学院
MAT2050,未注明教师,历史评价（学期未注明）,理工学院
MAT3007,pushi,历史评价（学期未注明）,数据科学学院
MAT3007,Wang Zizhuo,历史评价（学期未注明）,数据科学学院
MAT3010,"Hui, Shen",历史评价（学期未注明）,经管学院
MAT3010,"LIU, Bin",历史评价（学期未注明）,经管学院
MAT3280,Kenneth Shum,历史评价（学期未注明）,理工学院
MAT4001,未注明教师,历史评价（学期未注明）,理工学院
MAT4004,未注明教师,历史评价（学期未注明）,理工学院
MGT2020,未注明教师,历史评价（学期未注明）,经管学院
MGT3010,未注明教师,历史评价（学期未注明）,经管学院
MGT3070,未注明教师,历史评价（学期未注明）,经管学院
MGT3250,Wutao,历史评价（学期未注明）,经管学院
MGT3260,Suncong,历史评价（学期未注明）,经管学院
MGT4030,Tina,历史评价（学期未注明）,经管学院
MGT4060,Alessandro Golombiewski Teixeira,历史评价（学期未注明）,经管学院
MGT4187,Wang Wanxin💜,历史评价（学期未注明）,经管学院
MGT4250,Sali，Li,历史评价（学期未注明）,经管学院
MGT4270,Gordon Lam,历史评价（学期未注明）,经管学院
MIS2051,c,历史评价（学期未注明）,经管学院
MKT2010,Pan Qi,历史评价（学期未注明）,经管学院
MKT2010,Shim Yoonji,历史评价（学期未注明）,经管学院
MKT2010,"Zou, lili",历史评价（学期未注明）,经管学院
MKT3020,Zhanlingjing,历史评价（学期未注明）,经管学院
MKT3030,Zhanlingjing,历史评价（学期未注明）,经管学院
MKT3080,Diamond Tai,历史评价（学期未注明）,经管学院
MKT3310,Zhang Qiang,历史评价（学期未注明）,经管学院
MKT4040,未注明教师,历史评价（学期未注明）,经管学院
MKT4080,"Ren, Qi Tian",历史评价（学期未注明）,经管学院
MKT4110,Smart Powpaka,历史评价（学期未注明）,经管学院
MKT4120,Sam,历史评价（学期未注明）,经管学院
MKT4170,Jin，Yoonho,历史评价（学期未注明）,经管学院
MKT4220,"yang, li",历史评价（学期未注明）,经管学院
PED1001,shuttlecock,历史评价（学期未注明）,人文社科学院
PED1002,fitness equipment,历史评价（学期未注明）,人文社科学院
PHI1102,Christopher Kluz,历史评价（学期未注明）,人文社科学院
PHY1001,Han Ling,历史评价（学期未注明）,理工学院
PHY2001,未注明教师,历史评价（学期未注明）,理工学院
PHY3002,Zhang Zhaoyu,历史评价（学期未注明）,理工学院
PSY1010,Tsirogianni,历史评价（学期未注明）,人文社科学院
PSY2040,LinZhicheng,历史评价（学期未注明）,人文社科学院
PSY3020,Forward Fung Chin,历史评价（学期未注明）,人文社科学院
PSY4140,"Hoefeijzer, Serge",历史评价（学期未注明）,人文社科学院
PSY4160,Forward Fung Chin,历史评价（学期未注明）,人文社科学院
STA2001,"CHEN, Tianshi",历史评价（学期未注明）,数据科学学院
STA2001,"Chen, Yilun",历史评价（学期未注明）,数据科学学院
STA2001,"GALLEGO, Guillermo",历史评价（学期未注明）,数据科学学院
STA2001,"Tsang, ka-wai",历史评价（学期未注明）,数据科学学院
STA2001,"Zhang, Hailun",历史评价（学期未注明）,数据科学学院
STA2002,"Chen, Yilun",历史评价（学期未注明）,数据科学学院
STA2002,Haviv,历史评价（学期未注明）,数据科学学院
STA2002,Haviv Moshe,历史评价（学期未注明）,数据科学学院
STA2002,Moshe,历史评价（学期未注明）,数据科学学院
STA2003,未注明教师,历史评价（学期未注明）,数据科学学院
STA2003,yao jianfeng,历史评价（学期未注明）,数据科学学院
STA2004,未注明教师,历史评价（学期未注明）,数据科学学院
STA3002,未注明教师,历史评价（学期未注明）,数据科学学院
STA3010,Yin Feng,历史评价（学期未注明）,数据科学学院
STA3020,"Shi, jiasheng",历史评价（学期未注明）,数据科学学院
STA4001,"Zhang, Hailun",历史评价（学期未注明）,数据科学学院
STA4002,"Li, Zhaoyuan",历史评价（学期未注明）,数据科学学院
STA4003,"Tsang, ka-wai",历史评价（学期未注明）,数据科学学院
STA4020,未注明教师,历史评价（学期未注明）,数据科学学院
TRA3240,未注明教师,历史评价（学期未注明）,人文社科学院
